,NGA,PolID,General.variables,Institutional.Variables,Religion.and.Normative.Ideology,Social.Complexity.variables,Social.Mobility,Warfare.variables,terr,logterr,data_range,Date.From,Date.To,year,settHier,adminLevels,militaryLevels,religiousLevels,pop,logpop,x,y
1,Basin of Mexico,MxClass,0,0,9,1,0,7,NA,NA,100-649 CE,100,649,374.5,3,NA,NA,NA,NA,NA,-99.1339996,19.4149578
2,Basin of Mexico,MxFormL,0,0,9,8,0,9,NA,NA,400-101 BCE,-400,-101,-250.5,3.5,NA,NA,2,NA,NA,-99.1339996,19.4149578
3,Basin of Mexico,MxFormM,0,0,0,5,0,5,NA,NA,800-401 BCE,-800,-401,-600.5,2.5,1.5,NA,1,NA,NA,-99.1339996,19.4149578
4,Basin of Mexico,MxEpicl,0,0,9,13,0,11,NA,NA,650-899 CE,650,899,774.5,3,4,2,NA,NA,NA,-99.1339996,19.4149578
5,Basin of Mexico,MxFormE,0,0,0,5,0,5,NA,NA,1200-801 BCE,-1200,-801,-1000.5,2.5,1.5,NA,1,NA,NA,-99.1339996,19.4149578
6,Basin of Mexico,MxPostM,0,0,10,12,0,11,NA,NA,1200-1426 CE,1200,1426,1313,3,NA,NA,NA,750000,13.52782849,-99.1339996,19.4149578
7,Basin of Mexico,MxToltc,0,0,10,11,0,11,22500,10.02127059,900-1199 CE,900,1199,1049.5,4,4,2,NA,175000,12.07254125,-99.1339996,19.4149578
8,Basin of Mexico,MxFormT,0,0,9,9,0,8,NA,NA,100 BCE-99 CE,-100,99,-0.5,3.5,NA,NA,2,NA,NA,-99.1339996,19.4149578
9,Basin of Mexico,MxInitl,0,0,0,1,0,2,NA,NA,2000-1201 BCE,-2000,-1201,-1600.5,1.5,NA,NA,NA,NA,NA,-99.1339996,19.4149578
10,Basin of Mexico,MxArch*,0,0,0,1,0,3,NA,NA,6000-2001 BCE,-6000,-2001,-4000.5,1,NA,NA,NA,NA,NA,-99.1339996,19.4149578
11,Basin of Mexico,MxAztec,0,0,10,19,0,14,28070,10.24245667,1427-1526 CE,1427,1519,1473,5,6,6.5,NA,3500000,15.06827353,-99.1339996,19.4149578
12,Big Island Hawaii,USKameh,0,0,3,9,1,9,15800,9.667765219,1778-1819 CE,1778,1819,1798.5,2,5,3.5,2,120000,11.69524702,-155.5324594,19.5254005
13,Big Island Hawaii,Hawaii1,0,1,1,1,1,1,2350,7.762170607,1000-1200 CE,1000,1199,1099.5,1,NA,NA,NA,NA,NA,-155.5324594,19.5254005
14,Big Island Hawaii,Hawaii2,0,0,1,4,1,1,2250,7.718685495,1200-1580 CE,1200,1649,1424.5,1.5,NA,NA,NA,17237.5,9.754842522,-155.5324594,19.5254005
15,Big Island Hawaii,Hawaii3,0,0,2,7,1,9,9500,9.159047078,1580-1778 CE,1650,1777,1713.5,2,4,3.5,2,118750,11.68477572,-155.5324594,19.5254005
16,Cahokia,USCahoL,0,1,0,7,1,5,2500,7.824046011,1200-1275 CE,1200,1274,1237,4.5,3.5,2,3,45000,10.71441777,-90.0584962,38.6524326
17,Cahokia,USIllin,0,0,0,5,1,7,16500,9.71111566,1640-1717 CE,1640,1717,1678.5,2,2,2,1,5225,8.561210077,-90.0584962,38.6524326
18,Cahokia,USMisEW,0,0,0,3,1,1,NA,NA,600-150 BCE,-600,-151,-375.5,1,1,NA,NA,NA,NA,-90.0584962,38.6524326
19,Cahokia,USMisME,0,1,0,9,1,7,150,5.010635294,900-1050 CE,900,1049,974.5,2.5,2.5,NA,2.5,450,6.109247583,-90.0584962,38.6524326
20,Cahokia,USMisMu,0,0,0,2,0,2,NA,NA,450-600 CE,450,599,524.5,1,1.5,NA,NA,NA,NA,-90.0584962,38.6524326
21,Cahokia,USMisMW,0,0,0,3,1,1,NA,NA,150 BCE - 300 CE,-150,299,74.5,1,1.5,NA,NA,NA,NA,-90.0584962,38.6524326
22,Cahokia,USMisPa,0,0,0,2,0,2,NA,NA,600-750 CE,600,749,674.5,1.5,1.5,NA,NA,NA,NA,-90.0584962,38.6524326
23,Cahokia,USMisRo,0,0,0,2,0,2,NA,NA,300-450 CE,300,449,374.5,1,1.5,NA,NA,NA,NA,-90.0584962,38.6524326
24,Cahokia,USMisSd,0,0,0,5,0,5,750,6.620073207,1275-1400 CE,1275,1399,1337,3,3,2,3,13500,9.510444964,-90.0584962,38.6524326
25,Cahokia,USCahoE,0,1,0,7,1,5,2500,7.824046011,1000-1150 CE,1050,1199,1124.5,4.5,3.5,2,3,45000,10.71441777,-90.0584962,38.6524326
26,Cahokia,USMisSp,0,1,0,2,0,7,150,5.010635294,750-900 CE,750,899,824.5,2,2,NA,2,450,6.109247583,-90.0584962,38.6524326
27,Cahokia,USOneot,0,0,0,2,0,7,6000,8.699514748,1400-1650 CE,1400,1639,1519.5,2.5,1,1.5,1,NA,NA,-90.0584962,38.6524326
28,Cambodian Basin,KhFunaE,0,2,1,28,1,22,257034,12.45696365,225-540 CE,225,539,382,3,3,2,2,NA,NA,104.3309358,13.0553181
29,Cambodian Basin,KhFunaL,0,2,3,29,1,22,264200,12.48446167,540-640 CE,540,639,589.5,3.5,3.5,2,2,165000,12.01370075,104.3309358,13.0553181
30,Cambodian Basin,KhCambd,0,0,9,35,1,30,280000,12.54254488,1432-1594 CE,1432,1593,1512.5,6,8.5,6,6,875000,13.68197917,104.3309358,13.0553181
31,Cambodian Basin,KhChenl,0,2,6,27,1,22,531000,13.1825173,550-825 CE,640,801,720.5,3.5,4,4,4,NA,NA,104.3309358,13.0553181
32,Cambodian Basin,ThAyuth,0,1,11,29,1,26,NA,NA,1593-1767 CE,1594,1767,1680.5,4,6,6,6,NA,NA,104.3309358,13.0553181
33,Cambodian Basin,ThRattn,0,2,11,33,1,19,513120,13.14826501,1782-1873 CE,1782,1873,1827.5,4,6,5,6,3250000,14.99416555,104.3309358,13.0553181
34,Cambodian Basin,KhMekBA,0,0,0,0,0,5,NA,NA,1200-501 BCE,-1200,-500,-850,1,NA,NA,NA,NA,NA,104.3309358,13.0553181
35,Cambodian Basin,KhMekIA,0,0,0,0,0,10,NA,NA,500 BCE-224 CE,-500,-224,-362,2,NA,NA,NA,NA,NA,104.3309358,13.0553181
36,Cambodian Basin,KhAngkC,0,0,14,37,1,29,939245,13.75283164,1100-1220 CE,1080,1219,1149.5,6,5,6,4,1500000,14.22097567,104.3309358,13.0553181
37,Cambodian Basin,KhAngkE,0,0,11,36,1,28,916847,13.72869589,802-1100 CE,802,1079,940.5,5,5,6,4,NA,NA,104.3309358,13.0553181
38,Cambodian Basin,KhAngkL,0,0,9,36,1,28,1.00E+06,13.81551056,1220-1432 CE,1220,1431,1325.5,6,5,6,4,1500000,14.22097567,104.3309358,13.0553181
39,Central Java,IdMajap,0,0,10,26,1,21,5.00E+05,13.12236338,1292-1518 CE,1291,1518,1404.5,3,4.5,5,3,5.00E+06,15.42494847,110.4557314,-7.69928
40,Central Java,IdMatrm,0,0,13,22,1,22,1.00E+05,11.51292546,1568-1703 CE,1568,1703,1635.5,3,3.5,5,2,3250000,14.99416555,110.4557314,-7.69928
41,Central Java,IdMedng,0,0,10,22,1,24,125000,11.73606902,732-1019 CE,732,1019,875.5,2.5,3.5,4.5,1.5,3.00E+05,12.61153775,110.4557314,-7.69928
42,Central Java,IdKalin,0,0,5,10,1,15,NA,NA,500-732 CE,500,731,615.5,1.5,3.5,NA,1.5,NA,NA,110.4557314,-7.69928
43,Central Java,IdKedir,0,0,10,20,1,23,60000,11.00209984,1049-1222 CE,1049,1222,1135.5,3,4.5,5,3,275000,12.52452638,110.4557314,-7.69928
44,Central Java,IdCJBun,0,0,0,2,0,14,NA,NA,400 BCE - 500 CE,-400,499,49.5,1.5,NA,NA,NA,NA,NA,110.4557314,-7.69928
45,Chuuk Islands,FmTrukE,0,0,9,3,1,6,NA,NA,1775-1886 CE,1775,1885,1830,1,2,3,1,NA,NA,151.8736418,7.375065
46,Chuuk Islands,FmTrukL,0,0,13,19,1,8,127,4.844187086,1886-1948 CE,1886,1948,1917,2,4,3,1,9200,9.126958763,151.8736418,7.375065
47,Crete,TrByzM3,0,0,2,40,0,39,743333.3333,13.51889985,1073-1204 CE,1073,1203,1138,6,8,9,7,7300000,15.80338491,24.9387675,35.1938774
48,Crete,GrCrGeo,0,0,3,14,0,21,NA,NA,1000-710 BCE,-1000,-711,-855.5,2,NA,NA,NA,NA,NA,24.9387675,35.1938774
49,Crete,TrERom*,0,0,24,82,2,76,1450000,14.18707411,395-631 CE,395,607,501,6,8,9,7,16250000,16.60360347,24.9387675,35.1938774
50,Crete,TrRomDm,0,0,60,195,5,160,4250000,15.26242954,285-394 CE,284,394,339,7,8.5,7,5,5.50E+07,17.82284374,24.9387675,35.1938774
51,Crete,GrCrFPa,0,0,1,6,0,16,NA,NA,1200-1000 BCE,-1200,-1001,-1100.5,1,NA,NA,NA,NA,NA,24.9387675,35.1938774
52,Crete,GrCrPPa,0,0,1,18,0,17,NA,NA,1300-1200 BCE,-1300,-1201,-1250.5,4,4,NA,NA,NA,NA,24.9387675,35.1938774
53,Crete,GrCrPre,0,0,0,6,0,8,NA,NA,3000-1900 BCE,-3000,-1901,-2450.5,1.75,1.5,NA,1,NA,NA,24.9387675,35.1938774
54,Crete,ItRomPr,0,10,55,190,5,185,5012500,15.42744535,31 BCE - 284 CE,-31,283,126,7,8.5,9,4,55833333.33,17.83788162,24.9387675,35.1938774
55,Crete,TrByzM1,0,0,12,39,1,39,973333.3333,13.78848189,632-866 CE,632,823,727.5,6,8,8,7,7750000,15.8632034,24.9387675,35.1938774
56,Crete,TrByzM2,0,2,12,39,1,39,772500,13.55738729,867-1072 CE,961,1072,1016.5,6,8,8.5,7,1.00E+07,16.11809565,24.9387675,35.1938774
57,Crete,GrCrArc,0,0,0,26,0,21,167,5.117993812,710-500 BCE,-710,-501,-605.5,3,5,5,5,NA,NA,24.9387675,35.1938774
58,Crete,GrCrCls,0,0,2,31,0,22,225,5.416100402,500-323 BCE,-500,-322,-411,3,5,5,5,17500,9.76995616,24.9387675,35.1938774
59,Crete,GrCrEmr,0,0,0,32,0,29,8336,9.028338764,824-961,824,960,892,3,5,3,4,250000,12.4292162,24.9387675,35.1938774
60,Crete,GrCrNeo,0,0,0,1,0,1,NA,NA,7000-3000 BCE,-7000,-3001,-5000.5,1.5,1,NA,1,NA,NA,24.9387675,35.1938774
61,Crete,GrCrNPa,0,0,2,16,0,15,NA,NA,1700- 1450 BCE,-1700,-1451,-1575.5,3.5,5,NA,NA,NA,NA,24.9387675,35.1938774
62,Crete,GrCrHel,0,0,2,32,0,24,225,5.416100402,323-69 BCE,-323,-69,-196,3,5,5,5,17500,9.76995616,24.9387675,35.1938774
63,Crete,GrCrMPa,0,0,1,19,1,15,5000,8.517193191,1450-1300 BCE,-1450,-1301,-1375.5,3.5,5,5,3,65000,11.08214255,24.9387675,35.1938774
64,Crete,GrCrOPa,0,0,1,12,0,7,NA,NA,1900-1700 BCE,-1900,-1701,-1800.5,3.5,2.5,NA,NA,NA,NA,24.9387675,35.1938774
65,Cuzco,EsHabsb,0,0,13,40,1,38,7100000,15.77560534,1516-1700 CE,1532,1700,1616,7,6,13,10,2.90E+07,17.18280639,-71.9675,-13.5325784
66,Cuzco,PeCuzE1,0,0,0,1,0,3,800,6.684611728,200-499 CE,200,499,349.5,3,NA,NA,NA,NA,NA,-71.9675,-13.5325784
67,Cuzco,PeWari*,0,0,0,12,1,17,170000,12.04355372,650-999 CE,650,999,824.5,5,3.5,3.5,NA,3.00E+05,12.61153775,-71.9675,-13.5325784
68,Cuzco,PeCuzL1,0,0,2,4,0,9,600,6.396929655,1000-1250 CE,1000,1249,1124.5,4,NA,NA,NA,NA,NA,-71.9675,-13.5325784
69,Cuzco,PeCuzL2,0,0,2,12,1,10,2550,7.843848638,1250-1400 CE,1250,1399,1324.5,4,4,4,2,NA,NA,-71.9675,-13.5325784
70,Cuzco,PeCuzLF,0,0,0,1,0,2,NA,NA,500 BCE-200 CE,1,199,100,3,NA,NA,NA,NA,NA,-71.9675,-13.5325784
71,Cuzco,PeCuzE2,0,0,0,1,0,2,1000,6.907755279,500-649 CE,500,649,574.5,3,NA,NA,NA,NA,NA,-71.9675,-13.5325784
72,Cuzco,PeInca*,0,0,4,22,1,24,1250000,14.03865411,1375-1532 CE,1400,1531,1465.5,5,5,6,4,1.00E+07,16.11809565,-71.9675,-13.5325784
73,Deccan,GbEmpr2,0,0,13,36,0,30,26750000,17.10204503,1780-1840 CE,1780,1840,1810,6.5,9,11,NA,253750000,19.35186009,77.5505367,16.2770102
74,Deccan,InChaBd,0,0,10,22,1,30,750000,13.52782849,543-753 CE,541,756,648.5,4,5.5,6,5,3525000,15.07539099,77.5505367,16.2770102
75,Deccan,InChaKl,0,0,10,18,1,28,3800000,15.15051162,973-1191 CE,974,1055,1014.5,3,5.5,6,4.5,7750000,15.8632034,77.5505367,16.2770102
76,Deccan,InDecKg,0,0,13,9,1,25,NA,NA,205-101 BCE,-205,-101,-153,3,3.5,NA,NA,NA,NA,77.5505367,16.2770102
77,Deccan,InDecNL,0,0,0,2,0,5,NA,NA,2700-1200 BCE,-2700,-1201,-1950.5,1,NA,NA,NA,NA,NA,77.5505367,16.2770102
78,Deccan,InHoysa,0,0,10,18,1,28,150000,11.91839057,1108-1346 CE,1192,1253,1222.5,3,3.5,4.5,1.5,NA,NA,77.5505367,16.2770102
79,Deccan,InDecIA,0,0,0,4,1,24,NA,NA,1200-300 BCE,-1200,-301,-750.5,1.5,1.5,1.5,1,11083.33333,9.313197757,77.5505367,16.2770102
80,Deccan,InRasht,0,0,10,28,1,27,6.00E+05,13.30468493,753-973 CE,757,973,865,3,7,5,5,5500000,15.52025865,77.5505367,16.2770102
81,Deccan,InSataL,0,0,10,25,1,29,1400000,14.15198279,100 BCE - 200 CE,-100,203,51.5,4,5,4.5,1.5,8187500,15.91811916,77.5505367,16.2770102
82,Deccan,InVakat,0,0,10,22,1,30,950000,13.76421726,255-550 CE,286,335,310.5,5,5,5,2,6500000,15.68731273,77.5505367,16.2770102
83,Deccan,InVijay,0,0,10,29,1,28,360000,12.79385931,1336-1646 CE,1337,1646,1491.5,3.5,4.5,5.5,1,2.50E+07,17.03438638,77.5505367,16.2770102
84,Deccan,InMugl*,0,0,16,37,1,39,3850000,15.16358371,1526-1858 CE,1687,1720,1703.5,4,7,6,1,1.30E+08,18.68304501,77.5505367,16.2770102
85,Deccan,InKadam,0,0,10,16,1,27,75000,11.22524339,345-550 CE,451,540,495.5,4,6,5,1.5,725000,13.49392693,77.5505367,16.2770102
86,Deccan,InKampi,0,0,10,20,1,23,20000,9.903487553,1280-1327 CE,1280,1310,1295,3,3,4,2,NA,NA,77.5505367,16.2770102
87,Deccan,InMaury,0,0,13,36,1,35,4.00E+06,15.20180492,324-187 BCE,-300,-206,-253,4,7,7,3,5.90E+07,17.893048,77.5505367,16.2770102
88,Finger Lakes,UsIroqE,0,2,5,7,1,23,1.00E+05,11.51292546,1566 - 1713 CE,1566,1713,1639.5,2,3,3,1,5500,8.612503371,-76.8493766,42.8716091
89,Finger Lakes,UsIroqL,0,1,5,13,1,16,1.00E+05,11.51292546,1714-1848 CE,1714,1848,1781,3,3,3,2,12000,9.392661929,-76.8493766,42.8716091
90,Finger Lakes,UsIroqP,0,0,0,1,0,14,73218,11.20119657,1300-1565 CE,1300,1565,1432.5,2,NA,NA,NA,45000,10.71441777,-76.8493766,42.8716091
91,Galilee,EgPtol1,0,0,15,42,1,31,1.00E+06,13.81551056,305-217 BCE,-300,-199,-249.5,6,6,9,1,7.00E+06,15.76142071,35.2975423,32.7000883
92,Galilee,IlCanaa,0,0,1,21,1,23,1700,7.43838353,2000-1175 BCE,-2000,-1181,-1590.5,6.5,NA,NA,3,27500,10.22194128,35.2975423,32.7000883
93,Galilee,LbAcPho,0,0,1,23,1,22,9000,9.104979856,1200-332 BCE,-1180,-1031,-1105.5,6,NA,6,5.5,35000,10.46310334,35.2975423,32.7000883
94,Galilee,IlJudea,0,0,1,27,1,31,7500,8.9226583,141-63 BCE,-103,-62,-82.5,3,NA,NA,NA,NA,NA,35.2975423,32.7000883
95,Galilee,IlYisrl,0,0,2,22,0,26,11500,9.350102314,1030-722 BCE,-1030,-722,-876,7,NA,7,2,190000,12.15477935,35.2975423,32.7000883
96,Galilee,IqNAssr,0,0,8,23,1,26,1400000,14.15198279,911-612 BCE,-721,-539,-630,6,3.5,5,3,6.00E+06,15.60727003,35.2975423,32.7000883
97,Galilee,IrAchae,0,0,12,41,1,36,4170833.333,15.24362641,550-331 BCE,-538,-331,-434.5,5.5,7,7,4,24500000,17.01418368,35.2975423,32.7000883
98,Galilee,IrSeleu,0,1,15,31,1,35,2493750,14.72929816,312-63 BCE,-200,-104,-152,6,5.5,5,4,2.30E+07,16.95100477,35.2975423,32.7000883
99,Garo Hills,InGaroL,0,0,4,13,0,9,8000,8.987196821,1867-1956 CE,1868,1956,1912,3,2,2,1,138000,11.83500896,90.4044413,25.4457208
100,Garo Hills,InGaroE,0,0,4,2,0,10,NA,NA,1775-1867 CE,1775,1867,1821,2,1,2,1,2500,7.824046011,90.4044413,25.4457208
101,Ghanaian Coast,GhAshnE,0,1,10,10,1,10,NA,NA,1501-1701 CE,1501,1701,1601,3,4,5,2.5,NA,NA,-0.2295113,5.5783858
102,Ghanaian Coast,GhAshnL,0,1,10,22,1,13,259000,12.46458334,1701-1895 CE,1702,1895,1798.5,4,6,6,4,3.00E+06,14.91412285,-0.2295113,5.5783858
103,Iceland,NorKing,0,0,14,23,1,22,103000,11.54248427,1262-1380 CE,1262,1380,1321,3,5,3,4,70000,11.15625052,-18.3574805,64.639796
104,Iceland,IsCommw,0,0,20,22,1,21,103000,11.54248427,930-1262 CE,930,1261,1095.5,2,4,2.5,1.5,34375,10.44508483,-18.3574805,64.639796
105,Kachi Plain,AfDurrn,0,0,16,25,1,35,1140333.333,13.94683118,1747-1826 CE,1748,1826,1787,3.5,5,4,1.5,NA,NA,68.0670712,28.6542539
106,Kachi Plain,AfGhurd,0,0,16,28,1,30,906666.6667,13.71753015,1025-1215 CE,1193,1206,1199.5,3,5,4,1,NA,NA,68.0670712,28.6542539
107,Kachi Plain,IrSasn1,0,2,16,27,1,29,2900000,14.88022129,205-487 CE,251,495,373,5.5,6,8,4.5,5.00E+06,15.42494847,68.0670712,28.6542539
108,Kachi Plain,IrSasn2,0,2,14,33,1,29,3127500,14.95574452,488-642 CE,532,641,586.5,6,6,8,4.5,14566666.67,16.49424637,68.0670712,28.6542539
109,Kachi Plain,PkAcerN,0,0,0,4,0,0,NA,NA,7500-5500 BCE,-7500,-5501,-6500.5,1.5,1,1,1,NA,NA,68.0670712,28.6542539
110,Kachi Plain,PkCeraN,0,0,0,5,0,0,NA,NA,5500-4000 BCE,-5500,-4001,-4750.5,1.5,1,1,1,NA,NA,68.0670712,28.6542539
111,Kachi Plain,PkChalc,0,0,0,5,0,0,NA,NA,4000-3200 BCE,-4000,-3201,-3600.5,2,1.5,0.5,1,NA,NA,68.0670712,28.6542539
112,Kachi Plain,PkIndGr,0,0,10,24,1,32,105226,11.5638657,180-10 BCE,-145,-96,-120.5,2.5,4.5,4,NA,60000,11.00209984,68.0670712,28.6542539
113,Kachi Plain,PkPostU,0,0,0,7,0,6,NA,NA,1800-1300 BCE,-1800,-1301,-1550.5,1.5,1,0.5,1,NA,NA,68.0670712,28.6542539
114,Kachi Plain,PkPreUr,0,0,0,5,0,0,NA,NA,3200-2500 BCE,-3200,-2501,-2850.5,2.5,1.5,0.5,1,NA,NA,68.0670712,28.6542539
115,Kachi Plain,AfHepht,0,0,9,28,1,34,1937500,14.47690904,408-561 CE,496,531,513.5,2.5,4.5,4,1,26500000,17.09265529,68.0670712,28.6542539
116,Kachi Plain,AfKushn,0,0,10,31,1,33,2250000,14.62644077,35-319 CE,30,250,140,4.5,4.5,5,3,13750000,16.43654938,68.0670712,28.6542539
117,Kachi Plain,InDelh*,0,0,16,39,1,35,3.00E+06,14.91412285,1206-1526 CE,1207,1339,1273,6,9,8,5,NA,NA,68.0670712,28.6542539
118,Kachi Plain,IqAbbs1,0,0,16,38,1,31,4650000,15.35237778,750-946 CE,750,861,805.5,6,6,6,2,1.90E+07,16.75994954,68.0670712,28.6542539
119,Kachi Plain,IrPart1,0,2,12,33,1,34,1760000,14.38082437,247 BCE - 40 CE,-95,21,-37,4.5,5.5,6,3,10605000,16.17683615,68.0670712,28.6542539
120,Kachi Plain,PkUrbn2,0,0,0,17,0,7,135000,11.81303006,1800-1300 BCE,-2100,-1801,-1950.5,3.5,1.5,0.5,2,NA,NA,68.0670712,28.6542539
121,Kachi Plain,SyCalUm,0,0,16,37,1,32,9.00E+06,16.01273514,661-750 CE,670,750,710,6,5.5,4,2,2.80E+07,17.14771507,68.0670712,28.6542539
122,Kachi Plain,PkSind1,0,0,16,21,1,27,140914,11.85590505,854-1193 CE,862,1192,1027,3,3,3,2,1.00E+06,13.81551056,68.0670712,28.6542539
123,Kachi Plain,PkSind2,0,0,16,19,1,32,140914,11.85590505,1335-1521 CE,1340,1519,1429.5,3,3,3,2,1600000,14.28551419,68.0670712,28.6542539
124,Kachi Plain,PkUrbn1,0,0,0,17,0,8,135000,11.81303006,2500-2100 BCE,-2500,-2101,-2300.5,3.5,1.5,0.5,2,NA,NA,68.0670712,28.6542539
125,Kachi Plain,PkProto,0,0,4,8,0,15,NA,NA,1300-500 BCE,-1300,-551,-925.5,1.5,1.5,NA,NA,1125,7.025538315,68.0670712,28.6542539
126,Kansai,JpYayoi,0,0,0,11,2,18,NA,NA,300 BCE - 250 CE,-300,249,-25.5,2,1.5,2.5,1,2250,7.718685495,135.615528,34.8240924
127,Kansai,JpAsuka,0,0,12,28,1,24,125000,11.73606902,538-710 CE,538,710,624,4,5.5,4.5,2.5,2125000,14.56928236,135.615528,34.8240924
128,Kansai,JpAzMom,0,0,13,34,1,32,295000,12.59473064,1568-1603 CE,1568,1602,1585,5,5,5,2.5,19500000,16.78592502,135.615528,34.8240924
129,Kansai,JpHeian,0,0,13,36,1,30,275000,12.52452638,794-1185 CE,794,1184,989,4,5,4.5,2,4912500,15.40729354,135.615528,34.8240924
130,Kansai,JpJomo1,0,0,0,0,0,4,NA,NA,13600-9200 BCE,-13600,-9200,-11400,1,NA,NA,NA,NA,NA,135.615528,34.8240924
131,Kansai,JpJomo2,0,0,0,0,0,3,NA,NA,9200-5300 BCE,-9200,-5300,-7250,1.5,NA,NA,NA,NA,NA,135.615528,34.8240924
132,Kansai,JpJomo3,0,0,0,1,0,3,NA,NA,5300-3500 BCE,-5300,-3500,-4400,1.5,NA,NA,NA,700,6.551080335,135.615528,34.8240924
133,Kansai,JpSengk,0,0,15,16,1,32,15000,9.61580548,1467-1568 CE,1467,1567,1517,5,4.5,6,2,17333333.33,16.66814199,135.615528,34.8240924
134,Kansai,JpTokgw,0,0,13,41,1,33,295000,12.59473064,1603-1868 CE,1603,1868,1735.5,6,7,6,2,27500000,17.12969656,135.615528,34.8240924
135,Kansai,JpAshik,0,2,13,34,1,27,295000,12.59473064,1336-1467 CE,1336,1466,1401,6,6.5,5.5,2,14750000,16.50675364,135.615528,34.8240924
136,Kansai,JpJomo6,0,0,0,1,0,2,NA,NA,1200-300 BCE,-1200,-200,-700,1.5,NA,NA,1,700,6.551080335,135.615528,34.8240924
137,Kansai,JpKamak,0,0,15,33,1,31,295000,12.59473064,1185-1333 CE,1185,1333,1259,5,6.5,4.5,2,5925000,15.59469124,135.615528,34.8240924
138,Kansai,JpJomo4,0,0,0,2,0,4,NA,NA,3500-2500 BCE,-3500,-2500,-3000,2,NA,NA,NA,NA,NA,135.615528,34.8240924
139,Kansai,JpJomo5,0,0,0,1,0,3,NA,NA,2500-1200 BCE,-2500,-1200,-1850,2,NA,NA,1,700,6.551080335,135.615528,34.8240924
140,Kansai,JpKofun,0,0,1,27,1,25,125000,11.73606902,250 CE - 537 CE,250,537,393.5,3,3.5,3.666666667,1.25,241666.6667,12.39531465,135.615528,34.8240924
141,Kapuasi Basin,IdBrokE,0,0,10,3,0,12,NA,NA,1650-1841 CE,1650,1841,1745.5,1,1,2,1,262.5,5.570251082,112.0118787,0.5938927
142,Kapuasi Basin,IdBrokL,0,0,10,15,0,18,124450,11.73165931,1841-1987 CE,1842,1987,1914.5,1.5,3.5,2,1,NA,NA,112.0118787,0.5938927
143,Konya Plain,TrBrzER,0,0,0,7,1,17,NA,NA,3000-2000 BCE,-3000,-2001,-2500.5,2,2.5,2.5,NA,NA,NA,32.400296,37.8566054
144,Konya Plain,TrBrzL2,0,0,6,24,1,21,62500,11.04292184,1500-1400 BCE,-1500,-1400,-1450,3,3,7,3,350000,12.76568843,32.400296,37.8566054
145,Konya Plain,TrBrzMD,0,0,0,18,1,20,20000,9.903487553,2000-1700 BCE,-2000,-1700,-1850,2,4.5,3.5,1.5,75000,11.22524339,32.400296,37.8566054
146,Konya Plain,IrIlkhn,0,0,15,35,1,32,3800000,15.15051162,1256-1339 CE,1263,1326,1294.5,4.5,6,6,3,5250000,15.47373863,32.400296,37.8566054
147,Konya Plain,TrLydia,0,0,5,23,1,20,250000,12.4292162,670-546 BCE,-670,-547,-608.5,4,4.5,5.5,3.5,NA,NA,32.400296,37.8566054
148,Konya Plain,TrLysim,0,0,8,32,1,28,420000,12.94800999,323-281 BCE,-300,-282,-291,3,4,6,2,2500000,14.73180129,32.400296,37.8566054
149,Konya Plain,TrNeoCR,0,0,0,0,0,6,NA,NA,7000-6600 BCE,-7000,-6601,-6800.5,1,1,1,1,NA,NA,32.400296,37.8566054
150,Konya Plain,TrNeoER,0,0,0,0,0,2,NA,NA,9600-7000 BCE,-9600,-7001,-8300.5,1,1,1,1,NA,NA,32.400296,37.8566054
151,Konya Plain,TrNeoLT,0,0,0,0,0,10,NA,NA,6600-6000 BCE,-6600,-6001,-6300.5,1,1,1,1,3250,8.086410275,32.400296,37.8566054
152,Konya Plain,TrNHitt,0,0,6,13,1,22,500,6.214608098,1180-900 BCE,-1180,-901,-1040.5,3,4,4,2.5,120000,11.69524702,32.400296,37.8566054
153,Konya Plain,TrOttm1,0,0,16,35,1,39,218000,12.29225034,1299-1402 CE,1393,1402,1397.5,3.5,3.5,6,2,2116666.667,14.56535308,32.400296,37.8566054
154,Konya Plain,TrOttm2,0,0,16,40,1,41,1110200,13.92005074,1402-1517 CE,1421,1516,1468.5,5,5,7.5,4,8.00E+06,15.8949521,32.400296,37.8566054
155,Konya Plain,TrCappL,0,0,10,24,1,15,130000,11.77528973,322-93 BCE,-129,-95,-112,3,4,5,4,350000,12.76568843,32.400296,37.8566054
156,Konya Plain,TrClcER,0,0,0,0,0,11,NA,NA,6000-5500 BCE,-6000,-5501,-5750.5,2,1.5,1.5,1,3250,8.086410275,32.400296,37.8566054
157,Konya Plain,TrClcLT,0,0,0,5,1,13,90,4.49980967,5500-3000 BCE,-5000,-3001,-4000.5,2.5,2.5,2.5,1.5,NA,NA,32.400296,37.8566054
158,Konya Plain,TrHatNK,0,1,6,29,1,22,325000,12.69158046,1400-1180 BCE,-1344,-1181,-1262.5,3,4.5,6.5,4,1650000,14.31628585,32.400296,37.8566054
159,Konya Plain,TrHatOK,0,1,6,26,1,21,118750,11.68477572,1650-1500 BCE,-1650,-1501,-1575.5,3,3,6.5,3,1200000,13.99783211,32.400296,37.8566054
160,Konya Plain,TrRum**,0,0,16,31,1,30,275000,12.52452638,1077-1307 CE,1093,1243,1168,4,4.5,6,4,1750000,14.37512635,32.400296,37.8566054
161,Konya Plain,TrTabal,0,0,6,7,1,18,5000,8.517193191,900-730 BCE,-900,-837,-868.5,3,3.5,3.5,NA,NA,NA,32.400296,37.8566054
162,Konya Plain,TrOttm3,0,0,32,82,2,76,4836000,15.39159849,1517-1683 CE,1517,1682,1599.5,6,9.5,9,4,2.80E+07,17.14771507,32.400296,37.8566054
163,Konya Plain,TrOttm4,0,0,48,120,3,99,4815000,15.3872466,1683-1839 CE,1683,1838,1760.5,6,9.5,9,4,2.40E+07,16.99356439,32.400296,37.8566054
164,Konya Plain,TrPhryg,0,0,5,15,1,20,1.00E+05,11.51292546,900-695 BCE,-836,-696,-766,3,4.5,4,2,1250000,14.03865411,32.400296,37.8566054
165,Latium,ItOstrg,0,2,13,38,1,29,635000,13.36138028,489-554 CE,493,554,523.5,6,6,5,5,5500000,15.52025865,12.494462,41.8708861
166,Latium,ItStPet,0,0,13,34,2,25,50000,10.81977828,711-904 CE,711,903,807,5,6,5,5,902000,13.7123698,12.494462,41.8708861
167,Latium,ItLatCA,0,0,6,3,1,8,NA,NA,3600-1800 BCE,-3600,-1801,-2700.5,1,1,1,1,NA,NA,12.494462,41.8708861
168,Latium,ItLatIA,0,0,6,4,1,24,NA,NA,1000-580 BCE,-1000,-717,-858.5,1,2,2,1,NA,NA,12.494462,41.8708861
169,Latium,ItPapM2,0,0,13,39,1,26,44000,10.69194491,1648-1809 CE,1648,1800,1724,4,6,5,6,2100000,14.5574479,12.494462,41.8708861
170,Latium,ItPapEM,0,0,12,37,1,36,10000,9.210340372,904-1198 CE,904,1197,1050.5,5,6,6,6,741250,13.51609323,12.494462,41.8708861
171,Latium,ItPapHM,0,0,11,37,1,42,44000,10.69194491,1198-1309 CE,1198,1308,1253,4,5.5,5,6,9.00E+05,13.71015004,12.494462,41.8708861
172,Latium,ItPapM1,0,0,13,39,1,40,44000,10.69194491,1527-1648 CE,1527,1647,1587,4,4.5,5,6,1600000,14.28551419,12.494462,41.8708861
173,Latium,ItRomRg,0,1,7,22,1,28,1000,6.907755279,716-509 BCE,-716,-510,-613,2.5,3,4.5,1.5,35000,10.46310334,12.494462,41.8708861
174,Latium,ItRomWe,0,2,13,39,1,32,2.00E+06,14.50865774,395-476 CE,395,457,426,6,8,8.5,8,NA,NA,12.494462,41.8708861
175,Latium,ItLatBA,0,0,6,2,0,19,3.5,1.252762968,1800-900 BCE,-1800,-1001,-1400.5,1,1.5,1,1,NA,NA,12.494462,41.8708861
176,Latium,ItRav**,0,3,13,35,1,25,50000,10.81977828,568-751 CE,568,710,639,6,5.5,4.5,5,1125000,13.93329359,12.494462,41.8708861
177,Latium,ItRomER,0,3,8,33,1,27,6700,8.809862805,509-264 BCE,-509,-265,-387,3,3,6,4,333333.3333,12.71689827,12.494462,41.8708861
178,Latium,ItRomLR,0,3,2,33,1,29,2725000,14.81797899,133-31 BCE,-133,-31,-82,7,3.5,7,4,3.00E+07,17.21670794,12.494462,41.8708861
179,Latium,ItPapRn,0,0,13,37,1,43,44000,10.69194491,1378-1527 CE,1378,1526,1452,4.5,5,5,5,1100000,13.91082074,12.494462,41.8708861
180,Latium,ItRomMR,0,3,9,33,1,28,430000,12.97154049,264-133 BCE,-264,-134,-199,5,3.5,6,4,3750000,15.1372664,12.494462,41.8708861
181,Lena River Valley,RuYakuE,0,0,7,3,1,16,NA,NA,1400 - 1632 CE,1400,1642,1521,1,2,2,1,NA,NA,129.9115744,63.2764071
182,Lena River Valley,RuYakuL,0,0,7,18,1,16,NA,NA,1632-1900 CE,1643,1900,1771.5,1,2,2,1,NA,NA,129.9115744,63.2764071
183,Lowland Andes,EcJivaE,0,0,2,4,0,15,16,2.772588722,1534-1830 CE,1534,1830,1682,1,1.5,3,2,300,5.703782475,-77.6550492,-2.9779748
184,Lowland Andes,EcJivaL,0,0,2,4,0,17,NA,NA,1831-1931 CE,1831,1931,1881,1,1.5,3,1.5,NA,NA,-77.6550492,-2.9779748
185,Middle Ganga,InAyodE,0,0,8,12,0,32,NA,NA,64BCE-34CE,-64,34,-15,NA,NA,NA,NA,NA,NA,82.6830989,25.7502141
186,Middle Ganga,InGangC,0,0,4,0,0,1,NA,NA,3000-601 BCE,-3000,-600,-1800,1.5,NA,NA,NA,NA,NA,82.6830989,25.7502141
187,Middle Ganga,InGangN,0,0,0,0,0,0,NA,NA,7000-3001 BCE,-7000,-3000,-5000,0.5,NA,NA,NA,NA,NA,82.6830989,25.7502141
188,Middle Ganga,InMahaJ,0,2,5,10,1,19,NA,NA,600-324 BCE,-600,-325,-462.5,4,4,4,2,NA,NA,82.6830989,25.7502141
189,Middle Ganga,InSunga,0,0,8,15,1,30,4.00E+06,15.20180492,187-65 BCE,-187,-65,-126,4,NA,NA,NA,5.90E+07,17.893048,82.6830989,25.7502141
190,Middle Ganga,InGurjr,0,0,10,10,0,27,1.00E+06,13.81551056,810-1030 CE,810,1030,920,NA,NA,NA,NA,NA,NA,82.6830989,25.7502141
191,Middle Ganga,InKanau,0,0,10,16,1,22,NA,NA,650-780 CE,650,779,714.5,NA,5.5,5.5,NA,NA,NA,82.6830989,25.7502141
192,Middle Ganga,InGhdvl,0,0,10,10,1,30,325000,12.69158046,1085-1193 CE,1090,1202,1146,NA,5,NA,NA,NA,NA,82.6830989,25.7502141
193,Middle Ganga,InGupta,0,0,10,23,1,31,850000,13.65299163,320-515,320,514,417,4.5,9,5,5,NA,NA,82.6830989,25.7502141
194,Middle Ganga,InMagad,0,0,10,9,0,30,NA,NA,450-605 CE,550,606,578,NA,NA,NA,NA,NA,NA,82.6830989,25.7502141
195,Middle Yellow River Valley,CnEHan*,0,1,6,39,1,33,4351666.667,15.28606947,25-220 CE,25,219,122,6,7,7,1.5,45492187.9,17.63305117,113.6843417,34.7453128
196,Middle Yellow River Valley,CnErJin,0,0,7,36,1,35,4500000,15.31958795,265-317 CE,265,317,291,6,9,6.5,1.5,16163863,16.59828863,113.6843417,34.7453128
197,Middle Yellow River Valley,CnErlit,0,0,0,14,1,16,15000,9.61580548,1850-1600 BCE,-1850,-1651,-1750.5,4,3,3.5,2,68000,11.12726298,113.6843417,34.7453128
198,Middle Yellow River Valley,CnImQin,0,0,2,36,1,30,1372000,14.13178009,338-207 BCE,-338,-207,-272.5,5,7,6,NA,4.00E+07,17.50439001,113.6843417,34.7453128
199,Middle Yellow River Valley,CnJinSA,0,1,3,33,1,31,160000,11.98292909,780-404 bce,-794,-489,-641.5,4,4,5,NA,NA,NA,113.6843417,34.7453128
200,Middle Yellow River Valley,CnErlig,0,0,0,15,1,21,375000,12.8346813,1650-1250 BCE,-1650,-1251,-1450.5,3.5,3.5,3,2.5,2500000,14.73180129,113.6843417,34.7453128
201,Middle Yellow River Valley,CnNWei*,0,0,11,34,1,35,1136500,13.94346392,386-534 CE,386,557,471.5,5.5,6,5.5,2,3.20E+07,17.28124646,113.6843417,34.7453128
202,Middle Yellow River Valley,CnQingE,0,2,11,39,1,33,13100000,16.38812279,1644-1796 CE,1644,1795,1719.5,7,7,10,3,1.20E+08,18.6030023,113.6843417,34.7453128
203,Middle Yellow River Valley,CnQingL,0,2,20,82,2,74,11300000,16.24031328,1796-1912 CE,1796,1912,1854,7,7,9.5,3,3.18E+08,19.57756194,113.6843417,34.7453128
204,Middle Yellow River Valley,CnShang,0,0,1,21,1,26,1.00E+06,13.81551056,1250-1045 BCE,-1250,-1123,-1186.5,3,4.5,4.5,3,5.00E+06,15.42494847,113.6843417,34.7453128
205,Middle Yellow River Valley,CnSui**,0,0,12,37,1,37,3050000,14.93065215,581-618 CE,581,617,599,4,5,6,3,4.60E+07,17.64415195,113.6843417,34.7453128
206,Middle Yellow River Valley,CnTangE,0,0,13,41,1,37,5010000,15.42694647,617-763 CE,618,762,690,6,7,8,3,43240000,17.58227655,113.6843417,34.7453128
207,Middle Yellow River Valley,CnTangL,0,0,13,41,1,37,3156666.667,14.96502718,763-907 CE,763,907,835,4.5,7,5,3,58750000,17.88880171,113.6843417,34.7453128
208,Middle Yellow River Valley,CnWeiWS,0,1,3,29,1,32,90000,11.40756495,445-225 BCE,-488,-223,-355.5,4.5,5,4.5,NA,NA,NA,113.6843417,34.7453128
209,Middle Yellow River Valley,CnWHan*,0,1,5,37,1,33,3972333.333,15.19486422,202 BCE - 9 CE,-202,9,-96.5,6,7.5,7,3,55050000,17.82375242,113.6843417,34.7453128
210,Middle Yellow River Valley,CnLngsh,0,0,0,10,1,12,1750,7.467371067,3000-1900 BCE,-3000,-1900,-2450,3.5,3.5,NA,NA,NA,NA,113.6843417,34.7453128
211,Middle Yellow River Valley,CnLrJin,0,0,9,39,1,32,3600000,15.0964444,1115-1243 CE,1127,1234,1180.5,NA,5,NA,3,49500000,17.71748323,113.6843417,34.7453128
212,Middle Yellow River Valley,CnMing*,0,0,12,39,1,39,4035000,15.21051686,1,1368,1643,1505.5,7,5,7,3,71493583.33,18.08511826,113.6843417,34.7453128
213,Middle Yellow River Valley,CnNSong,0,0,9,42,1,33,2633250,14.78372938,960-1127 CE,960,1126,1043,7,7.5,9,2.5,8.00E+07,18.19753719,113.6843417,34.7453128
214,Middle Yellow River Valley,CnWZhou,0,1,3,29,1,28,850000,13.65299163,1122-771 BCE,-1122,-795,-958.5,5,4.5,6,2.5,1.20E+07,16.30041721,113.6843417,34.7453128
215,Middle Yellow River Valley,CnYngsh,0,0,0,2,0,8,NA,NA,5000-3000 BCE,-5000,-3001,-4000.5,2.5,1.5,NA,NA,20000,9.903487553,113.6843417,34.7453128
216,Middle Yellow River Valley,CnYuan*,0,0,14,40,1,35,17500000,16.67771144,1271-1368 CE,1271,1367,1319,7,8,6,3,72745500,18.10247761,113.6843417,34.7453128
217,Niger Inland Delta,MlJeJe1,0,1,0,2,0,4,7.5,2.014903021,250 BCE - 49 CE,-250,49,-100.5,1,1,NA,NA,250,5.521460918,-4.2026154,15.1194589
218,Niger Inland Delta,MlMali*,0,2,6,30,1,18,1800000,14.40329722,1230-1410 CE,1235,1410,1322.5,4,4.5,4,2,4500000,15.31958795,-4.2026154,15.1194589
219,Niger Inland Delta,MlJeJe2,0,1,0,3,0,4,1000,6.907755279,50-399 CE,50,399,224.5,2,1.5,NA,NA,2500,7.824046011,-4.2026154,15.1194589
220,Niger Inland Delta,MlJeJe3,0,1,0,7,0,4,1100,7.003065459,400-899 CE,400,899,649.5,3,1.5,NA,NA,18000,9.798127037,-4.2026154,15.1194589
221,Niger Inland Delta,MlJeJe4,0,2,0,11,0,17,1100,7.003065459,900-1300 CE,900,999,949.5,NA,2,NA,NA,27500,10.22194128,-4.2026154,15.1194589
222,Niger Inland Delta,MrWagdM,0,1,2,19,1,17,375000,12.8346813,700-1077 CE,700,1077,888.5,4,4,3.5,2.5,1125000,13.93329359,-4.2026154,15.1194589
223,Niger Inland Delta,MlSegou,0,0,10,4,1,24,250000,12.4292162,1650-1712 CE,1640,1711,1675.5,4,2,3,1,2.00E+06,14.50865774,-4.2026154,15.1194589
224,Niger Inland Delta,MlSong2,0,2,15,33,1,16,650000,13.38472764,1493-1591 CE,1494,1591,1542.5,4,4.5,5.5,3,4500000,15.31958795,-4.2026154,15.1194589
225,Niger Inland Delta,MrWagdL,0,2,6,29,1,18,375000,12.8346813,1078-1203 CE,1100,1202,1151,4,4,3.5,3,1250000,14.03865411,-4.2026154,15.1194589
226,Niger Inland Delta,MaSaadi,0,0,16,29,1,25,456666.6667,13.03170901,1554-1659 CE,1591,1618,1604.5,4,5,6,3,2500000,14.73180129,-4.2026154,15.1194589
227,Niger Inland Delta,MlBaman,0,0,12,16,1,24,4.00E+05,12.89921983,1712-1861 CE,1712,1818,1765,4,5,5,3,3500000,15.06827353,-4.2026154,15.1194589
228,North Colombia,CoNahua,0,0,0,6,0,1,NA,NA,250-1050 CE,250,1049,649.5,1.25,1.5,NA,NA,NA,NA,-73.6381952,10.7656525
229,North Colombia,CoTairo,0,0,5,18,1,5,150,5.010635294,1050-1524 CE,1050,1524,1287,2.75,2.25,3,1,4615.25,8.437121317,-73.6381952,10.7656525
230,Orkhon Valley,MnShiwe,0,0,0,2,1,9,NA,NA,600-1000 CE,841,907,874,NA,1,NA,NA,NA,NA,103.1485,47.3654893
231,Orkhon Valley,MnTurk2,0,0,12,13,1,10,3500000,15.06827353,682-744 CE,684,744,714,2,4,3.5,2,450000,13.01700286,103.1485,47.3654893
232,Orkhon Valley,MnMongL,0,0,13,21,1,22,2750000,14.82711147,1368-1690 CE,1368,1689,1528.5,2.5,3,5,2.25,55000,10.91508846,103.1485,47.3654893
233,Orkhon Valley,MnRourn,0,0,11,18,1,10,4.00E+06,15.20180492,300-555 CE,300,551,425.5,1.5,4,4,1.5,750000,13.52782849,103.1485,47.3654893
234,Orkhon Valley,MnXngnE,0,0,0,3,1,20,787500,13.57661865,1400-300 BCE,-1400,-300,-850,1,2.5,3.5,1,56250,10.93756132,103.1485,47.3654893
235,Orkhon Valley,MnXngnL,0,0,0,4,1,24,3600000,15.0964444,60 BCE - 100 CE,-59,99,20,2.5,3.5,6,1,1250000,14.03865411,103.1485,47.3654893
236,Orkhon Valley,MnUigur,0,0,12,12,1,11,2250000,14.62644077,745-840 CE,745,840,792.5,3,4,5.5,3,450000,13.01700286,103.1485,47.3654893
237,Orkhon Valley,MnXianb,0,0,0,5,0,20,3400000,15.03928599,100-250 CE,100,250,175,NA,3,5.5,1,1250000,14.03865411,103.1485,47.3654893
238,Orkhon Valley,MnETurk,0,0,12,13,1,9,4750000,15.37365518,583-630 CE,583,630,606.5,1.5,4.5,3.5,2,450000,13.01700286,103.1485,47.3654893
239,Orkhon Valley,MnMngKh,0,1,1,28,1,32,25221806,17.0432195,1206-1270 CE,1206,1270,1238,5,5,5,3,NA,NA,103.1485,47.3654893
240,Orkhon Valley,MnMongE,0,0,1,8,0,20,80000,11.28978191,1000-1206 CE,1126,1205,1165.5,1,2,5,1,1.00E+05,11.51292546,103.1485,47.3654893
241,Orkhon Valley,MnXngnM,0,0,0,3,1,26,4100000,15.22649753,209-60 BCE,-209,-60,-134.5,2.5,3.5,6,1,1500000,14.22097567,103.1485,47.3654893
242,Orkhon Valley,MnZungh,0,0,13,25,1,14,190000,12.15477935,1670-1757 CE,1695,1745,1720,2.5,3.5,4.5,1.5,1100000,13.91082074,103.1485,47.3654893
243,Oro PNG,PgOrokL,0,0,14,22,0,15,22800,10.03451581,1884-1942 CE,1884,1942,1913,1,2,3,2,9000,9.104979856,148.2552619,-8.7498984
244,Oro PNG,PgOrokE,0,0,4,5,0,10,NA,NA,1734-1883 CE,1734,1883,1808.5,1,3,5,1,NA,NA,148.2552619,-8.7498984
245,Paris Basin,FrMervM,0,0,13,30,1,30,230000,12.34583459,543-687 CE,543,686,614.5,4,4.5,4,5,1.00E+06,13.81551056,2.3396141,48.8529311
246,Paris Basin,FrTeneA,0,0,6,6,1,21,1250,7.13089883,475-325 BCE,-474,-325,-399.5,2.5,3,3,NA,NA,NA,2.3396141,48.8529311
247,Paris Basin,FrTeneB,0,0,7,15,1,25,1250,7.13089883,325-175 BCE,-324,-175,-249.5,3,3,4,NA,75000,11.22524339,2.3396141,48.8529311
248,Paris Basin,FrTeneC,0,0,7,16,1,28,15000,9.61580548,175-27 BCE,-174,-27,-100.5,3,3.5,4,2.5,75000,11.22524339,2.3396141,48.8529311
249,Paris Basin,FrValoE,0,0,12,31,1,37,373333.3333,12.83022695,1328-1450 CE,1328,1449,1388.5,5,5,5.5,6.5,1.00E+07,16.11809565,2.3396141,48.8529311
250,Paris Basin,FrValoL,0,0,12,30,1,33,450000,13.01700286,1450-1589 CE,1450,1588,1519,6,5.5,11,7,16250000,16.60360347,2.3396141,48.8529311
251,Paris Basin,FrCarlE,0,0,14,24,1,32,1100000,13.91082074,752-840 CE,752,839,795.5,3,4,4.5,6.5,17500000,16.67771144,2.3396141,48.8529311
252,Paris Basin,FrCarlL,0,0,14,26,1,32,891666.6667,13.70084765,840-987 CE,840,986,913,3,4,4.5,6.5,6166666.667,15.634669,2.3396141,48.8529311
253,Paris Basin,FrHallA,0,0,6,2,0,16,1000,6.907755279,1000-900 BCE,-1000,-901,-950.5,1.5,1.5,1,1,550,6.309918278,2.3396141,48.8529311
254,Paris Basin,FrAtlBA,0,0,6,6,1,17,NA,NA,2200-1000 BCE,-2200,-1001,-1600.5,1.5,1.5,NA,NA,1500,7.313220387,2.3396141,48.8529311
255,Paris Basin,FrBeakr,0,0,6,6,0,17,NA,NA,3200-2000 BCE,-3200,-2201,-2700.5,1.5,1,NA,NA,1000,6.907755279,2.3396141,48.8529311
256,Paris Basin,FrBurbE,0,0,14,34,1,25,1765500,14.38394449,1589-1660 CE,1589,1659,1624,6,6,11,7,19750000,16.79866405,2.3396141,48.8529311
257,Paris Basin,FrBurbL,0,0,14,36,1,23,2250000,14.62644077,1660-1789 CE,1660,1788,1724,6,6,13,6.5,24750000,17.02433605,2.3396141,48.8529311
258,Paris Basin,FrCaptE,0,0,12,21,1,29,15000,9.61580548,987-1150 CE,987,1149,1068,4,4,5.25,6.5,750000,13.52782849,2.3396141,48.8529311
259,Paris Basin,FrCaptL,0,0,12,31,1,35,208750,12.24889264,1150-1328 CE,1150,1327,1238.5,5,5,5.5,6.5,9500000,16.06680236,2.3396141,48.8529311
260,Paris Basin,FrHallC,0,0,6,4,1,21,2750,7.919356191,700-600 BCE,-700,-601,-650.5,2.5,3.5,2,1,4000,8.29404964,2.3396141,48.8529311
261,Paris Basin,FrHallD,0,0,6,5,1,22,7500,8.9226583,600-475 BCE,-600,-475,-537.5,2.5,3.5,2,1,NA,NA,2.3396141,48.8529311
262,Paris Basin,FrMervE,0,0,13,29,1,30,250000,12.4292162,481-543 CE,481,542,511.5,4,4,4,5,1500000,14.22097567,2.3396141,48.8529311
263,Paris Basin,FrHallB,0,0,6,3,1,20,1750,7.467371067,900-700 BCE,-900,-701,-800.5,2.5,2.5,2,1,NA,NA,2.3396141,48.8529311
264,Paris Basin,FrMervL,0,0,13,30,1,30,250000,12.4292162,687-751 CE,687,750,718.5,4,4.5,4,5,1.00E+06,13.81551056,2.3396141,48.8529311
265,Sogdiana,AfGrBct,0,0,14,29,1,29,1450000,14.18707411,256-125 BCE,-248,-130,-189,3,4.75,5,1.5,1750000,14.37512635,66.9351102,39.6650226
266,Sogdiana,AfTochr,0,0,10,20,1,25,15000,9.61580548,129 BCE - 29 CE,-129,29,-50,2,3.5,3.5,1.5,162500,11.99843328,66.9351102,39.6650226
267,Sogdiana,KgKarKh,0,0,16,33,1,27,1700000,14.34613881,950-1212 CE,991,1212,1101.5,3,6,6,3,2375000,14.680508,66.9351102,39.6650226
268,Sogdiana,UzKhw01,0,0,3,4,1,15,NA,NA,1000-521 BCE,-999,-751,-875,4,NA,NA,NA,75000,11.22524339,66.9351102,39.6650226
269,Sogdiana,UzKok01,0,0,3,0,0,11,NA,NA,1400-1000 BCE,-1400,-1000,-1200,1.5,1,1,1,NA,NA,66.9351102,39.6650226
270,Sogdiana,UzKok02,0,0,1,5,1,16,NA,NA,750-550 BCE,-750,-600,-675,1.5,2.5,NA,1,NA,NA,66.9351102,39.6650226
271,Sogdiana,UzSamnd,0,0,16,38,1,30,1550000,14.25376549,819-999 CE,876,990,933,4.5,6.5,6,3,6.00E+06,15.60727003,66.9351102,39.6650226
272,Sogdiana,UzSogdi,0,0,12,35,1,28,15000,9.61580548,604-711 CE,604,711,657.5,3,3.5,3.5,2,32500,10.38899537,66.9351102,39.6650226
273,Sogdiana,UzTimur,0,0,16,30,1,34,5500000,15.52025865,1370-1526 CE,1370,1526,1448,6,6,6.5,2,4.90E+07,17.70733086,66.9351102,39.6650226
274,Sogdiana,TjSaraz,0,0,0,5,0,6,NA,NA,3500-2000 BCE,-3500,-2001,-2750.5,2.5,NA,NA,NA,NA,NA,66.9351102,39.6650226
275,Sogdiana,UzChagt,0,0,10,27,1,20,3500000,15.06827353,1263-1487 CE,1263,1361,1312,3,4.5,5,1.5,2.00E+06,14.50865774,66.9351102,39.6650226
276,Sogdiana,KgWTurk,0,0,13,25,1,27,3150000,14.96291301,582-630 CE,564,603,583.5,2.5,4,5,1.5,1750000,14.37512635,66.9351102,39.6650226
277,Sogdiana,KzAndro,0,0,3,3,0,21,10750,9.282661034,1800-1200 BCE,-2000,-1401,-1700.5,1.5,NA,NA,NA,NA,NA,66.9351102,39.6650226
278,Sogdiana,UzJanid,0,0,16,24,1,21,225000,12.32385568,1599-1747 CE,1599,1747,1673,5,6,6,2.5,925000,13.73754902,66.9351102,39.6650226
279,Southern China Hills,CnHChin,0,0,10,9,0,11,NA,NA,1895-1941 CE,1896,1941,1918.5,1,2,2,1,NA,NA,102.9830227,27.3567593
280,Southern China Hills,CnHQngL,0,0,10,7,1,15,10100,9.220290703,1701-1895 CE,1701,1895,1798,2,3,NA,1,175000,12.07254125,102.9830227,27.3567593
281,Southern Mesopotamia,IqBabAm,0,0,7,17,0,15,450000,13.01700286,2000 - 1600 BCE,-1894,-1596,-1745,4,6,NA,NA,NA,NA,47.6997848,30.5842909
282,Southern Mesopotamia,IqBabKs,0,0,7,25,0,12,225000,12.32385568,1595-1150 BCE,-1595,-1154,-1374.5,4,3,NA,3.5,NA,NA,47.6997848,30.5842909
283,Southern Mesopotamia,IqBazi*,0,0,7,21,0,14,NA,NA,1005-986 BCE,-1005,-980,-992.5,3.5,4.5,NA,3.5,NA,NA,47.6997848,30.5842909
284,Southern Mesopotamia,IqDynE*,0,0,7,16,0,11,NA,NA,979 BCE-732 BCE,-979,-732,-855.5,3.5,4.5,NA,3.5,NA,NA,47.6997848,30.5842909
285,Southern Mesopotamia,IqEDyn*,0,0,3,12,0,16,10700,9.27799902,2900-2500 BCE,-2900,-2351,-2625.5,5,NA,NA,NA,53250,10.88275308,47.6997848,30.5842909
286,Southern Mesopotamia,IqIsin2,0,0,7,24,0,14,NA,NA,1153 BCE-1027 BCE,-1153,-1027,-1090,4,3.5,NA,3.5,NA,NA,47.6997848,30.5842909
287,Southern Mesopotamia,IqIsinL,0,0,6,25,0,14,NA,NA,2004-1763 BCE,-2003,-1895,-1949,4,4,6.5,4,NA,NA,47.6997848,30.5842909
288,Southern Mesopotamia,IqNeoBb,0,0,8,25,1,28,8.00E+05,13.59236701,626 BCE-539 BCE,-626,-538,-582,5,6,NA,4,NA,NA,47.6997848,30.5842909
289,Southern Mesopotamia,IqSoNeo,0,0,0,0,0,0,NA,NA,9000-5501 BCE,-9000,-5501,-7250.5,1.5,NA,NA,NA,NA,NA,47.6997848,30.5842909
290,Southern Mesopotamia,IqUbaid,0,0,0,6,0,3,NA,NA,5500-4201 BCE,-5500,-4201,-4850.5,2,2,NA,NA,NA,NA,47.6997848,30.5842909
291,Southern Mesopotamia,IqUrIII,0,0,7,19,1,25,NA,NA,2112-2004 BCE,-2112,-2004,-2058,4,4,6.5,4,2.00E+05,12.20607265,47.6997848,30.5842909
292,Southern Mesopotamia,IqUruk*,0,0,0,10,0,14,1975,7.588323677,4000-2900 BCE,-4200,-3000,-3600,4,NA,NA,NA,30210,10.31592827,47.6997848,30.5842909
293,Southern Mesopotamia,IrBuyid,0,0,32,54,2,62,9.00E+05,13.71015004,932-1062 CE,947,1055,1001,4.5,5,8,3,5.00E+06,15.42494847,47.6997848,30.5842909
294,Southern Mesopotamia,IrPart2,0,2,2,33,1,30,1850000,14.4306962,41-226 CE,41,219,130,4.5,5.5,6,3,4875000,15.39963066,47.6997848,30.5842909
295,Southern Mesopotamia,IrSafvd,0,0,16,36,1,31,2700000,14.80876233,1501-1722 CE,1471,1533,1502,4.5,6,6.5,5.5,9.00E+06,16.01273514,47.6997848,30.5842909
296,Southern Mesopotamia,IrSeljq,0,2,32,72,2,58,4250000,15.26242954,1037-1157 CE,1056,1190,1123,4,5,6,3.5,12100000,16.30871601,47.6997848,30.5842909
297,Southern Mesopotamia,IqAbbs2,0,0,32,60,2,58,750000,13.52782849,1191-1258 CE,1191,1207,1199,4.5,5,5.5,2,3900000,15.17648711,47.6997848,30.5842909
298,Southern Mesopotamia,IqAkkad,0,0,7,31,1,20,725000,13.49392693,2270-2083 BCE,-2350,-2150,-2250,4.5,5,5.5,4,NA,NA,47.6997848,30.5842909
299,Susiana,IrAkKoy,0,0,15,26,1,27,1800000,14.40329722,1339-1501 CE,1471,1504,1487.5,4,4,6,2,NA,NA,49.4523469,30.2373848
300,Susiana,IrArcha,0,0,0,2,0,5,NA,NA,7000-6000 BCE,-7000,-6001,-6500.5,1,1,1,1,NA,NA,49.4523469,30.2373848
301,Susiana,IrAwanE,0,0,3,25,1,16,250000,12.4292162,2675-2100 BCE,-2675,-2251,-2463,3,4,4.5,2.5,NA,NA,49.4523469,30.2373848
302,Susiana,IrElmCP,0,0,8,3,1,19,NA,NA,1100-900 BCE,-1100,-901,-1000.5,NA,NA,NA,NA,NA,NA,49.4523469,30.2373848
303,Susiana,IrElym2,0,0,10,26,0,25,NA,NA,25-215 CE,25,215,120,4,4,NA,NA,NA,NA,49.4523469,30.2373848
304,Susiana,IrForma,0,0,0,1,0,4,NA,NA,7200-7000 BCE,-7200,-7001,-7100.5,1,1,1,0,NA,NA,49.4523469,30.2373848
305,Susiana,IrKhzE*,0,0,0,2,0,6,NA,NA,6000-5700 BCE,-6000,-5701,-5850.5,1,1,1,1,NA,NA,49.4523469,30.2373848
306,Susiana,IrKhzEM,0,0,0,5,0,6,NA,NA,5700-5100 BCE,-5700,-5101,-5400.5,1.5,1,1,1,NA,NA,49.4523469,30.2373848
307,Susiana,IrKhzL*,0,0,0,5,0,6,NA,NA,4700-4300 BCE,-4700,-4301,-4500.5,2,1.5,1.5,NA,NA,NA,49.4523469,30.2373848
308,Susiana,IrKhzM*,0,0,0,6,0,7,NA,NA,5100-4700 BCE,-5100,-4701,-4900.5,2,1.5,1,1,NA,NA,49.4523469,30.2373848
309,Susiana,IrMElm1,0,0,8,18,1,17,245000,12.40901349,1500-1400 BCE,-1500,-1401,-1450.5,4,4.5,4.5,3,NA,NA,49.4523469,30.2373848
310,Susiana,IrMElm2,0,0,8,19,1,19,310000,12.64432758,1399-1200 BCE,-1400,-1201,-1300.5,4,4.5,4.5,3,NA,NA,49.4523469,30.2373848
311,Susiana,IrMElm3,0,0,8,25,1,19,275000,12.52452638,1199-1100 BCE,-1200,-1101,-1150.5,4,4.5,4.5,3,NA,NA,49.4523469,30.2373848
312,Susiana,IrNElm1,0,0,8,9,1,21,NA,NA,900-744 BCE,-900,-744,-822,4,4,4,NA,NA,NA,49.4523469,30.2373848
313,Susiana,IrNElm2,0,1,8,19,1,23,320000,12.67607627,743-647 BCE,-743,-647,-695,4,4,4,NA,NA,NA,49.4523469,30.2373848
314,Susiana,IrNElm3,0,1,8,16,1,18,NA,NA,612-539 BCE,-612,-540,-576,NA,NA,NA,NA,NA,NA,49.4523469,30.2373848
315,Susiana,IrPrCer,0,0,0,1,0,2,NA,NA,7800-7200 BCE,-7800,-7201,-7500.5,1,1,1,0,NA,NA,49.4523469,30.2373848
316,Susiana,IrQajar,0,0,16,26,1,24,1800000,14.40329722,1794-1925 CE,1794,1925,1859.5,5,4,4,NA,8.00E+06,15.8949521,49.4523469,30.2373848
317,Susiana,IrShima,0,0,8,15,1,18,NA,NA,2028-1940 BCE,-2028,-1901,-1964.5,3,4.5,4.5,2.5,NA,NA,49.4523469,30.2373848
318,Susiana,IrSukkE,0,0,8,21,1,17,NA,NA,1900-1701 BCE,-1900,-1701,-1800.5,4,4.5,4.5,2.5,NA,NA,49.4523469,30.2373848
319,Susiana,IrSukkL,0,0,8,22,1,17,NA,NA,1700-1500 BCE,-1700,-1501,-1600.5,4,4.5,4.5,2.5,NA,NA,49.4523469,30.2373848
320,Susiana,IrSusa1,0,0,1,7,1,8,1,0,4300-3800 BCE,-4300,-3801,-4050.5,2.5,1.5,1.5,1.5,5500,8.612503371,49.4523469,30.2373848
321,Susiana,IrSusa2,0,0,1,20,1,8,NA,NA,3800-3100 BCE,-3800,-3101,-3450.5,3.5,3.642857143,2.5,2.5,13760,9.529521111,49.4523469,30.2373848
322,Susiana,IrSusa3,0,0,0,18,1,12,NA,NA,3100-2675 BCE,-3100,-2676,-2888,2.5,4,2.5,2.5,NA,NA,49.4523469,30.2373848
323,Upper Egypt,EgAyyub,0,0,16,38,1,36,1595000,14.28238429,1171-1250 CE,1171,1259,1215,5,5,7.5,4,9250000,16.04013411,32.7940623,24.8122469
324,Upper Egypt,EgBadar,0,0,0,4,0,4,NA,NA,4400-3800 BCE,-4400,-3801,-4100.5,1.5,1.5,1,1,NA,NA,32.7940623,24.8122469
325,Upper Egypt,EgDyn1*,0,1,5,23,1,17,80000,11.28978191,3100-2900 BCE,-3100,-2901,-3000.5,4.5,4,3.5,3,1.00E+06,13.81551056,32.7940623,24.8122469
326,Upper Egypt,EgDyn2*,0,1,8,22,1,20,222333.3333,12.31193304,2900-2687 BCE,-2900,-2651,-2775.5,4.5,4,3,3,1150000,13.9552725,32.7940623,24.8122469
327,Upper Egypt,EgIntOc,0,0,13,37,1,25,550000,13.21767356,404-342 BCE,-404,-343,-373.5,4,5,7,2.5,2750000,14.82711147,32.7940623,24.8122469
328,Upper Egypt,EgMamBh,0,0,16,40,1,34,2100000,14.5574479,1260-1348 CE,1260,1347,1303.5,6.5,7,9,3,5500000,15.52025865,32.7940623,24.8122469
329,Upper Egypt,EgMamBu,0,0,16,40,1,36,2100000,14.5574479,1412-1517 CE,1412,1516,1464,6.5,7,7,3.5,3200000,14.97866137,32.7940623,24.8122469
330,Upper Egypt,EgMamCP,0,0,16,41,2,33,2100000,14.5574479,1348-1412 CE,1348,1411,1379.5,6.5,7,9,3.5,3500000,15.06827353,32.7940623,24.8122469
331,Upper Egypt,EgMidKg,0,2,14,30,1,22,367000,12.81311713,2016-1700 BCE,-2016,-1721,-1868.5,4.5,6,5,4,2.00E+06,14.50865774,32.7940623,24.8122469
332,Upper Egypt,EgNaqa1,0,0,0,7,0,6,3131.25,8.049187565,3800-3550 BCE,-3800,-3551,-3675.5,1.5,2,1.5,1,13000,9.472704636,32.7940623,24.8122469
333,Upper Egypt,EgNaqa2,0,0,2,13,1,9,12500,9.433483923,3550-3300 BCE,-3550,-3301,-3425.5,2.5,2.5,2,NA,31500,10.35774282,32.7940623,24.8122469
334,Upper Egypt,EgNaqa3,0,0,3,15,1,12,7500,8.9226583,3300-3100 BCE,-3300,-3101,-3200.5,2.5,2.5,2,2,50000,10.81977828,32.7940623,24.8122469
335,Upper Egypt,EgNKRam,0,2,16,32,1,26,771000,13.55544365,1293-1070 BCE,-1293,-1071,-1182,5,5.5,7,5,2500000,14.73180129,32.7940623,24.8122469
336,Upper Egypt,EgNKThu,0,2,16,32,1,24,850000,13.65299163,1550-1293 BCE,-1550,-1294,-1422,5,5.5,7,5,3925000,15.18287691,32.7940623,24.8122469
337,Upper Egypt,EgOldK1,0,2,8,32,1,21,212500,12.26669727,2650-2350 BCE,-2650,-2351,-2500.5,4.5,7,5,6,1250000,14.03865411,32.7940623,24.8122469
338,Upper Egypt,EgOldK2,0,2,13,33,1,22,187500,12.14153412,2350-2150 BCE,-2350,-2151,-2250.5,4.5,7,5,6,1500000,14.22097567,32.7940623,24.8122469
339,Upper Egypt,EgPtol2,0,0,15,41,1,30,488250,13.09858285,217-30 BCE,-217,-32,-124.5,6,6,7.5,1,3500000,15.06827353,32.7940623,24.8122469
340,Upper Egypt,EgRegns,0,2,13,28,1,23,30000,10.30895266,2150-2016 BCE,-2150,-2017,-2083.5,4.5,4,3.5,2.5,NA,NA,32.7940623,24.8122469
341,Upper Egypt,EgSaite,0,2,13,32,1,27,350000,12.76568843,664-525 BCE,-655,-526,-590.5,4.5,5,7,3,2150000,14.5809784,32.7940623,24.8122469
342,Upper Egypt,EgThebH,0,1,12,27,1,26,15000,9.61580548,1720-1567 BCE,-1720,-1567,-1643.5,4.5,5.5,6,3.5,NA,NA,32.7940623,24.8122469
343,Upper Egypt,EgThebL,0,2,15,30,1,25,210000,12.25486281,1069-747 BCE,-1070,-761,-915.5,4,6,5,4,NA,NA,32.7940623,24.8122469
344,Upper Egypt,EgTulIk,0,0,16,36,1,35,9.00E+05,13.71015004,868-969 CE,868,969,918.5,6,5,6,2,6500000,15.68731273,32.7940623,24.8122469
345,Upper Egypt,SdKusht,0,1,13,30,1,26,650000,13.38472764,747-656 BCE,-760,-656,-708,4.5,5,5,6,2750000,14.82711147,32.7940623,24.8122469
346,Upper Egypt,TnFatim,0,3,17,41,1,33,1015500,13.83089166,909-1171 CE,970,1170,1070,6,5.5,8,5.5,8750000,15.98456426,32.7940623,24.8122469
347,Valley of Oaxaca,MxAlb1E,0,0,3,6,1,7,1300,7.170119543,500 BCE-300 BCE,-500,-301,-400.5,2.5,NA,1,1,15000,9.61580548,-96.6744028,17.0536287
348,Valley of Oaxaca,MxAlb1L,0,0,3,11,1,7,5000,8.517193191,300 BCE-100 BCE,-300,-101,-200.5,4,NA,1.5,1,55000,10.91508846,-96.6744028,17.0536287
349,Valley of Oaxaca,MxAlb2*,0,0,3,12,1,7,20000,9.903487553,100 BCE-200 CE,-100,199,49.5,4,NA,2,NA,45000,10.71441777,-96.6744028,17.0536287
350,Valley of Oaxaca,MxAlb3A,0,0,0,10,1,9,11500,9.350102314,200 CE-500 CE,200,499,349.5,4,3,1.5,NA,NA,NA,-96.6744028,17.0536287
351,Valley of Oaxaca,MxAlb3B,0,0,0,13,1,9,NA,NA,500 CE-900 CE,500,899,699.5,2.5,NA,1.5,NA,8452.5,9.042217535,-96.6744028,17.0536287
352,Valley of Oaxaca,MxAlb5*,0,0,0,16,2,22,NA,NA,900-1520 CE,1101,1520,1310.5,2.5,2.5,2,3,9481.5,9.157097811,-96.6744028,17.0536287
353,Valley of Oaxaca,MxRosar,0,0,1,5,1,5,275,5.616771098,700-500 BCE,-700,-501,-600.5,3,1.5,1,1,1500,7.313220387,-96.6744028,17.0536287
354,Valley of Oaxaca,MxSanGu,0,0,0,0,0,3,NA,NA,1150 BCE-700 BCE,-1150,-701,-925.5,2,1.5,1,1,NA,NA,-96.6744028,17.0536287
355,Valley of Oaxaca,MxTieLa,0,0,0,0,0,3,NA,NA,1400 BCE-1150 BCE,-1400,-1151,-1275.5,1,1,1,1,NA,NA,-96.6744028,17.0536287
356,Yemeni Coastal Plain,YeLBA**,0,0,0,0,0,9,NA,NA,1200-801 BCE,-1200,-801,-1000.5,2,NA,NA,NA,NA,NA,43.0069945,14.7918286
357,Yemeni Coastal Plain,YeNeoL*,0,0,0,0,0,7,NA,NA,3500-1201 BCE,-3500,-1201,-2350.5,1.5,NA,NA,NA,NA,NA,43.0069945,14.7918286
358,Yemeni Coastal Plain,YeQasmi,0,0,16,21,1,9,NA,NA,1637-1805 CE,1637,1805,1721,3,3,4,3,NA,NA,43.0069945,14.7918286
359,Yemeni Coastal Plain,YeQatab,0,0,4,8,0,8,NA,NA,450-111 BCE,-450,-111,-280.5,3.5,NA,NA,NA,NA,NA,43.0069945,14.7918286
360,Yemeni Coastal Plain,YeSabaC,0,0,4,5,0,7,NA,NA,800-451 BCE,-800,-451,-625.5,3.5,NA,NA,NA,NA,NA,43.0069945,14.7918286
361,Yemeni Coastal Plain,YeSaRay,0,0,4,6,0,3,NA,NA,110 BCE-149 CE,-110,149,19.5,3,NA,NA,NA,NA,NA,43.0069945,14.7918286
362,Yemeni Coastal Plain,YeTahir,0,0,16,33,1,27,NA,NA,1454-1517 CE,1454,1517,1485.5,4,5,NA,3.5,NA,NA,43.0069945,14.7918286
